[{
	"qID":"1",
	"que":"Blue is what number on the resistor color code?",
	"A":"1",
	"B":"4",
	"C":"2",
	"D":"6",
	"ans":"6"
},

{
	"qID":"2",
	"que":"Changing computer language of 1's and 0's to characters that a person can understand is...",
	"A":"Highlight",
	"B":"Clip art",
	"C":"Decode",
	"D":"Execute",
	"ans":"Decode"
},

{
	"qID":"3",
	"que":"What's a web browser?",	
	"A":"A kind of spider",
	"B":"A computer that stores WWW files",
	"C":"A person who likes to look at websites",
	"D":"A software program that allows you to access sites on the World Wide Web",
	"ans":"A software program that allows you to access sites on the World Wide Web"
},

{
	"qID":"4",
	"que":"http://www.indiabix.com - is an example of what?",
	"A":"A URL",
	"B":"An access code",
	"C":"A directory",
	"D":"A server",
	"ans":"A URL"
},

{
	"qID":"5",
	"que":"How many bits is a byte?",	
	"A":"4",
	"B":"8",
	"C":"16",
	"D":"32",
	"ans":"8"
},

{
	"qID":"6",
	"que":"How do you subscribe to an Internet mailing list?",
	"A":"Contact your Internet service provider",
	"B":"Send e-mail to the list manager",
	"C":"Telephone the mailing list webmaster",
	"D":"Send a letter to the list",
	"ans":"Send e-mail to the list manager"
},

{
	"qID":"7",
	"que":"Computers calculate numbers in what mode?",	
	"A":"Decimal",
	"B":"Octal",
	"C":"Binary",
	"D":"None of the above",
	"ans":"Binary"
},

{
	"qID":"8",
	"que":"What is an FET?",	
	"A":"Farad Effect Transformer",
	"B":"Field Effect Transformer",
	"C":"Field Effect Transistor",
	"D":"French Energy Transfer",
	"ans":"Field Effect Transistor"
},

{
	"qID":"9",
	"que":"The speed of your net access is defined in terms of...",	
	"A":"RAM",
	"B":"MHz",
	"C":"Kbps",
	"D":"Megabytes",
	"ans":"Kbps"
},

{
	"qID":"10",
	"que":"How many diodes are in a full wave bridge rectifier?",
	"A":"8",
	"B":"2",
	"C":"4",
	"D":"3",
	"ans":"4"
}]