[
    {
        "productId": 2,
        "productName": "Garden Cart",
        "productCode": "GDN-0023",
        "releaseDate": "March 18, 2016",
        "description": "15 gallon capacity rolling garden cart",
        "price": 32.99,
        "starRating": 4.2,
        "imageUrl": "https://www.gstatic.com/webp/gallery3/1.png"
    },
    {
        "productId": 5,
        "productName": "Hammer",
        "productCode": "TBX-0048",
        "releaseDate": "May 21, 2016",
        "description": "Curved claw steel hammer",
        "price": 8.9,
        "starRating": 4.8,
        "imageUrl": "https://www.gstatic.com/webp/gallery3/2.png"
    }
]